mean_unexpcost,mean_return,mean_qty,mean_costsave,mean_spend,mean_leadtime,mean_source,mean_late,mean_early,%Critical,quality_risk_mean,delivery_risk_mean
0.08230312684753296,-0.003286908113120537,0.21256355816577788,-0.062329289695614506,-0.08129296499152532,0.04773291831640173,-0.9565283130731506,-0.003728049969145553,0.0023442806310827063,-0.09323876232828165,-0.014875974655424899,0.10667538677094031
-0.05045704849968435,-0.03497618298322722,0.8858016526707355,-0.1448129027851235,-0.07380279264171798,0.038901170193241394,0.19547390806058781,0.0010798898506885653,-0.08768352544568395,-0.1850542008852154,-0.09860470535287862,-0.30624776609323645
-0.12351054863993886,0.02539200912510802,0.247240008398902,-0.3675889449191011,0.18790469524781617,0.2949320550860547,0.06684523370426157,0.0009487421226231928,0.04882685004762443,0.6034102809069773,0.08025602961896462,0.5368051791789671
0.4305964260577615,-0.00953808034294333,0.23881254796191936,0.7766140026396002,0.019717592025610287,0.25155956815593045,0.07417486390384576,0.0006039296372017297,-0.012734713779663221,0.07517238415659913,0.016186199538547642,0.28122352758455704
0.04526579228210669,0.007536228657195703,-0.04324347394430551,0.1361352008771881,0.3104683230956128,0.1906853884774302,-0.16242548830604803,-0.0053968324124004825,0.11112079011462841,0.5596218948571317,-0.07456130972038313,-0.6980292803081506
0.11612302702761791,-0.008351784606043203,0.13491195059493685,0.09317849073075288,-0.3286613656053149,-0.7743067590318198,-0.020475404737485256,0.00799642014923443,-0.11658813347542916,0.4864399227858114,-0.002069407421876725,0.035901471935544625
